-0.8719573358133417,-0.13084177641707392
-0.9156462549458765,-0.13027192665859247
-0.9593309031492497,-0.12947489049715422
-0.9920910847509695,-0.1287304805078325
-1.0357662518141193,-0.12754570097600915
-1.0794348542176049,-0.12614497256670246
-1.1230960578776068,-0.12453238165281183
-1.15583660344365,-0.12318636190745795
-1.1994828522883663,-0.12121284444533464
-1.243119408659096,-0.11903870200410081
-1.2867456368387764,-0.11667064585471532
-1.3194591752205054,-0.11478498217323112
-1.363070741525159,-0.1121591233245946
-1.4066767656259604,-0.10944353709134483
-1.450278512336762,-0.10666169194402303
-1.4829774970920615,-0.10453951345131618
-1.5265736800245693,-0.10167234230465609
-1.5701677502893157,-0.09877328960615828
-1.6137603618105487,-0.0958523021719389
-1.646454236913837,-0.09365277590855386
-1.690045790683192,-0.09071583858081671
-1.7336376005412237,-0.08778270245143756
-1.7772304166432416,-0.08486466256032439
-1.809926207718709,-0.08269386514609955
-1.8535228522284422,-0.07983347053905593
-1.8971226327493929,-0.0770210323530054
-1.9407259595525905,-0.07426406576414711
-1.97343102347656,-0.07223720116622066
-2.0170414770412264,-0.0695945800850352
-2.060656222560125,-0.06702340833205771
-2.104275251013138,-0.06452606076663452
-2.136992327517655,-0.0627029248047686
-2.18061882786736,-0.06034045413980035
-2.2242495545203687,-0.05805765542650398
-2.267884438126785,-0.05585560309279779
-2.300613285679529,-0.05425767892062155
-2.3442552425474292,-0.052199280755229324
-2.387901059323066,-0.050223956982533985
-2.4315505901364323,-0.04833235294727754
-2.4642900878337914,-0.046968979213725885
-2.507945765105791,-0.045225383845840184
-2.551604734488047,-0.043566753016077625
-2.5952668235998,-0.0419930561967485
-2.628015334030291,-0.04086850244823237
-2.6716824665856165,-0.039443081233253206
-2.715352236597099,-0.03810056705966937
-2.759024463027672,-0.03683885765995333
-2.79178014564647,-0.03594508307978769
-2.8354563164774915,-0.03482597380282137
-2.879134596470403,-0.03379346769052929
-2.9228148836125656,-0.03285153890083613
-2.9555763493632305,-0.032206577966929
-2.9992598107423185,-0.03142680234205642
-3.0429447728504178,-0.030734124104316262
-3.0866309939626286,-0.030123609385862518
-3.1193963542499796,-0.029717985543755012
-3.163084304437296,-0.029249706220056664
-3.2067730420252545,-0.028868571598722647
-3.2504624231168933,-0.028578137680412015
-3.283229781712261,-0.02841323068847108
-3.326919875517777,-0.02824476731072159
-3.370610128537977,-0.02811405892142755
-3.4143004472304455,-0.028014858359721756
-3.447068210301184,-0.02796469368298541
-3.4907585689571143,-0.02793510677099357
-3.5344489090129168,-0.02795384239070176
-3.578139214266584,-0.028018758121437094
-3.6109069372702423,-0.028080480934909485
-3.654597257210062,-0.028152347256609294
-3.6982876247349203,-0.028184696497742107
-3.7419780055508802,-0.028165947982329412
-3.774745769210402,-0.02811459388689627
-3.818436050586007,-0.027991385341909265
-3.8621261983848902,-0.027799594002797183
-3.9058159287879404,-0.027522519859704213
-3.9495046813705623,-0.02713104762058421
-3.982270256845975,-0.026744400052655607
-4.0259558409620935,-0.026079849917588292
-4.069637727575035,-0.025202112729144487
-4.113313521464271,-0.024054594621610973
-4.146064855944451,-0.02298370882689256
-4.189722891008357,-0.021248672777860453
-4.2333648317071155,-0.019143446209684757
-4.2769860956552925,-0.016647251709147045
-4.3096857112258835,-0.014506010480047899
-4.353258742593609,-0.011271996354718322
-4.396794412341064,-0.007575371308520191
-4.440284816668582,-0.0033835593001928566
-4.472867525642816,0.00010795320369079114
-4.516252153022197,0.005281490416332042
-4.559553638105445,0.011118207683069061
-4.602754882793197,0.017674441632624542
-4.635079813712965,0.023075818721519408
-4.678064768020274,0.03093606899137901
-4.720902621666058,0.03956385579167139
-4.763571565553473,0.04898762526757018
-4.795446167154967,0.056603032192875
-4.837754217572903,0.06752130093062467
-4.879814259205409,0.07935958483349315
-4.921585532638023,0.09218391240797226
-4.95269930067408,0.10248858667022866
-4.99386588851343,0.11716706241713
-5.034632683825596,0.13292660004362636
-5.074960566802683,0.14977582399508382
-5.104894300962344,0.1631337382807568
-5.144352531041687,0.18191922034685107
-5.183248233415744,0.20183658301355806
-5.221531629827435,0.22290560737676143
-5.2498073259878915,0.23947685267783372
-5.28687621232773,0.2626169398916709
-5.3231701582593995,0.28696113315817484
-5.3586380033703005,0.312501380043932
-5.384666338478374,0.3324355394695162
-5.4185648660672845,0.36004218877471117
-5.4514894704685855,0.3888045883838494
-5.483382055685438,0.41870155465047015
-5.506589390638422,0.4418559869812634
-5.536541660327208,0.4736818856498407
-5.565320257092644,0.5065657406931626
-5.592882469067965,0.5404725535544269
-5.612736238834807,0.566551888052789
-5.63809398721627,0.602160015166829
-5.662147670932962,0.6386842223004287
-5.684854383144706,0.6760717111558479
-5.700973876990653,0.7046462161247073
-5.721217028017785,0.7434138867827124
-5.739992859209768,0.782895530518162
-5.75728119847489,0.8230349804702846
-5.769271368819572,0.8535364954991567
-5.783959327517141,0.894688280605373
-5.797179122899813,0.9363413839665173
-5.80895390518863,0.9784411713968355
-5.816843582999914,1.0102758973850747
-5.826094835222523,1.0530231532775742
-5.833878274078403,1.096062106539345
-5.840173928446365,1.1393357563890008
-5.84390757013021,1.1719107598324903
-5.847577611000827,1.2154613987524583
-5.849801553593609,1.2591026882833232
-5.850636321676987,1.302788473740065
-5.850393513473535,1.3355599539570784
-5.848976373229248,1.3792407960939292
-5.8463762287485,1.4228771255625317
-5.84261460005471,1.466434097259252
-5.839031649214443,1.4990277339212295
-5.83323935457073,1.5423577712246066
-5.826287752781097,1.5855078173466495
-5.818198448561651,1.6284493240027662
-5.809051968539433,1.6711765034795634
-5.80155276897092,1.7030801229287278
-5.790756977834228,1.745425141661961
-5.779090209443908,1.7875410216492775
-5.766594626681584,1.829418410933295
-5.756704439324444,1.8606643543630774
-5.742869363649965,1.9021095363327887
-5.728360930393295,1.943322418279342
-5.713252287480568,1.9843196452696168
-5.701558578113599,2.0149325138661305
-5.685513942561827,2.055574712829067
-5.668985520881812,2.0960227206276496
-5.652011642352144,2.1362837397856107
-5.639020414918247,2.166367142176463
-5.6214013953983475,2.206348276257831
-5.6035005203096215,2.246203600964826
-5.58539544210054,2.285966067888129
-5.571742302136873,2.3157540516862225
-5.553517761882095,2.355462094659714
-5.5353278672308015,2.3951859207360067
-5.51721482048768,2.4349447417927457
-5.5037054307860345,2.464798183099443
-5.485818122135732,2.504659425089826
-5.4680893030455575,2.544591505960782
-5.450535066052586,2.584600725713889
-5.437494243775583,2.614662291396744
-5.4203081560078665,2.6548310889628137
-5.403414797112553,2.6951234815324456
-5.38688022355299,2.735564777747915
-5.374749235724481,2.7660051241777044
-5.35897829213418,2.8067521969679077
-5.3437015604510565,2.8476893938739436
-5.328932862472373,2.8888134660077514
-5.318197038294749,2.9197766848976308
-5.304346608326514,2.961217900447045
-5.291044235902799,3.0028366572261826
-5.278332561071016,3.044637877784683
-5.269215381358051,3.0761124005931304
-5.257654684417788,3.118247099724221
-5.246821766325498,3.160577852697441
-5.2367609950231575,3.203104328078508
-5.2297355315237155,3.235120121303674
-5.221075698266394,3.277956946792059
-5.213240340644259,3.3209502905172124
-5.206246757710949,3.3640850316014017
-5.201563316405454,3.3965200178927906
-5.196078746426138,3.439867067564067
-5.191474955327495,3.4833157219831623
-5.18776265496017,3.5268516274475328
-5.185569209185362,3.5595521750217665
-5.183440525828193,3.6032046015160017
-5.182232763889061,3.646895541261205
-5.181958595980191,3.690601589005898
-5.182373264499181,3.723376959717479
-5.183762881882413,3.7670532726239223
-5.186106478314494,3.810684544363581
-5.18938806132562,3.8542557232287646
-5.192455124031359,3.886885448310799
-5.197342924546086,3.9303119229425243
-5.203133731185702,3.973629037094789
-5.2098172543170405,4.016817011031726
-5.215409633046793,4.049111512476173
-5.223631871464506,4.092028426992041
-5.2327213766080565,4.134767708540202
-5.242668642590916,4.177313503208143
-5.250678071075459,4.209089525342756
-5.262060579476559,4.251275262351133
-5.274217254446622,4.293246616832271
-5.2871331505654116,4.334992097176808
-5.2973125671130505,4.366145147123713
-5.311534123694268,4.407464025798947
-5.326487220351291,4.448522235599606
-5.342155791123655,4.489311348080124
-5.358522630684978,4.529823736888612
-5.371244426373077,4.560022691545024
-5.388776243750551,4.600043310386941
-5.406924876969991,4.63979000330872
-5.425664246981087,4.679263460932166
-5.440102886915498,4.708683567789496
-5.459863748652561,4.747655188292674
-5.480203154193771,4.786325645427668
-5.501102464686803,4.824694657619154
-5.517121294462576,4.853281557974893
-5.538908953033567,4.891154557522613
-5.5611695784623105,4.928752411485214
-5.583891008498721,4.966073824558276
-5.601227202459977,4.99388267130667
-5.624723036855846,5.030719605806247
-5.648629609523277,5.067290956004402
-5.672918274379082,5.103609696743022
-5.691368661962992,5.13069071270469
-5.716261246462436,5.166597824502362
-5.741465908007056,5.202286369337308
-5.766957351448944,5.2377697738895135
-5.786239323758258,5.264264015719201
-5.812124615719382,5.2994612042922835
-5.838170245252263,5.334540011823563
-5.864363454355516,5.369508685839998
-5.884103023943739,5.395663940596391
-5.910545752410089,5.430443978096042
-5.937119364576893,5.465123832391353
-5.963777197564705,5.499739028574919
-5.983790406306301,5.525685153892256
-6.010463277695214,5.560288669264377
-6.037107063071669,5.594914536218759
-6.063708071432677,5.629573401378736
-6.083622519293057,5.655595609930492
-6.110109683202967,5.690342203784401
-6.136478973560795,5.725178122747813
-6.162678637238893,5.760141506979995
-6.182185814876552,5.786470666883427
-6.207959678057633,5.821749958255855
-6.2334081502438305,5.857264846948506
-6.2584711021930275,5.893054474704396
-6.276984608454081,5.920093982943323
-6.301254442752668,5.956427102125405
-6.325008471253773,5.9931005108973
-6.348209097412,6.030128883756249
-6.365234484917473,6.058132570109475
-6.387421198322431,6.095778061290833
-6.409005055684298,6.133771679092323
-6.429952344972211,6.172118392388754
-6.445191403706698,6.201129688866701
-6.464799589580065,6.240177638046721
-6.4835095747670985,6.279669309319256
-6.5012425692900955,6.319611250254993
-6.513854960675536,6.349865489283613
-6.529696515172568,6.390602166878096
-6.544383810578509,6.431773292915709
-6.557885438212329,6.473347503414031
-6.567214747745465,6.50477375796587
-6.578562913890673,6.546978408102093
-6.588600617692272,6.589508515705055
-6.597242819401685,6.632344900008699
-6.6027605492104495,6.664657247718937
-6.608778795701688,6.707950942032763
-6.613207647502794,6.751441522989871
-6.615987880691295,6.795078165749861
-6.616972765562782,6.827861414775747
-6.616802874335956,6.871588635469381
-6.614919745449242,6.915267953128669
-6.611302268928618,6.958827572728205
-6.607435236064066,6.99137738129792
-6.600718357094013,7.03456286479802
-6.5921991577992385,7.077437228581581
-6.581871187293447,7.119920095255501
-6.569729777462477,7.161930037048589
-6.559433514089784,7.193077335697786
-6.544132369762804,7.2340560747113996
-6.527053580499107,7.27432309386659
-6.508218782645733,7.313788923532123
-6.492955249332955,7.342810298387023
-6.471119722026828,7.380675574682863
-6.447628868131134,7.4175278851210065
-6.4225265956748165,7.453300804807103
-6.402667975119817,7.479387285250803
-6.374848029146514,7.513132690510782
-6.3455427746605615,7.545634160491003
-6.314817989591392,7.576816721910149
-6.2908831147173405,7.599292454799578
-6.257835274619787,7.627984308509951
-6.223552255008469,7.65514937560621
-6.188108236515767,7.680740237322809
-6.160813021800011,7.698891821438798
-6.123536405712198,7.721695979314475
-6.08532377201376,7.742901321176542
-6.046251882390455,7.762515980386301
-6.016430116914022,7.776187322660781
-5.976037781368237,7.7930136770346
-5.934993881163065,7.8082025242818816
-5.8933730412279735,7.821715357093952
-5.861823686138035,7.8307269326770275
-5.819372672145856,7.841216106630269
-5.776547884767736,7.849966757282152
-5.733420304017656,7.8570174352232565
-5.700917892494927,7.861215067215452
-5.657419588404195,7.865407974928015
-5.613785677035306,7.868062136725546
-5.570070522274767,7.8692384802720134
-5.537265339601286,7.869157239026775
-5.493546809502087,7.867759115075812
-5.449906583290002,7.864881057202329
-5.40640301191951,7.860516657644782
-5.373897356614672,7.856272613441391
-5.330743200512721,7.849384809954973
-5.287823743351108,7.8411858709286895
-5.245153974053751,7.831787252843712
-5.213311377865727,7.824033060506338
-5.171058966748379,7.812866331978192
-5.129041358353851,7.800834294556685
-5.0872778744295335,7.787947120975897
-5.056134776246072,7.777721815719886
-5.014866992449426,7.7633431859967885
-4.973908811215022,7.748121056933377
-4.933248404480138,7.732127234582472
-4.902930274466323,7.7196921294374645
-4.862710989920849,7.70262526960085
-4.822665205135752,7.685153252876946
-4.7827237270865295,7.667443817115786
-4.75280873057306,7.654070778980444
-4.712958395598251,7.636159893273828
-4.673129125385199,7.618202661129755
-4.633298608815013,7.600248472752966
-4.60341076909976,7.586816126437458
-4.563514279157242,7.569008598010822
-4.523532128875891,7.551391265216947
-4.483430168606384,7.534044339558771
-4.453257104437359,7.521260154545307
-4.412874127256869,7.504580721238921
-4.372290565160175,7.488393565534042
-4.3314862397031755,7.472766810406878
-4.300733817759435,7.4614445014312984
-4.259526875626712,7.44691712763093
-4.218081799156149,7.4330853368493806
-4.176393264959682,7.420001299807367
-4.1449641969747715,7.410710436523813
-4.102846065100052,7.399053224258188
-4.060497409312849,7.388262978263972
-4.0179321180546115,7.378374431210024
-3.975164317613122,7.369420022071155
-3.9429652195858407,7.36332565645106
-3.8998825012758345,7.356031180850679
-3.8566445175024495,7.349690265927542
-3.813273583215476,7.3443080314657045
-3.780672108451575,7.340903758403338
-3.737124409669315,7.337212289673915
-3.693507456650032,7.334493876263016
-3.6498432811382386,7.332750333588369
-3.6170772099548776,7.332082914180053
-3.57338249924369,7.332046207729215
-3.5296976933727,7.332957664951754
-3.486039646988315,7.334762824062691
-3.4533235344606865,7.336671393775748
-3.409749565718737,7.339931291486828
-3.366241422692193,7.3439886344395475
-3.322811658120092,7.3488217809147764
-3.2902979017151868,7.352943086256542
-3.2470328831477233,7.359083955463175
-3.203876599666448,7.365944515496801
-3.160839622510039,7.3735047094178
-3.128644544559118,7.379616257302022
-3.0858247958113822,7.388304374593819
-3.043121767732164,7.397547266264405
-3.0005292811534,7.407283999406882
-2.96865363538542,7.414882321641996
-2.9262392946362676,7.425371756383738
-2.883919636230139,7.4362384350026565
-2.8416930896481225,7.447463473167964
-2.8100835553833097,7.456107236742158
-2.7680170386419976,7.4679186501052275
-2.726040278837569,7.4800417966536665
-2.684149295886236,7.492453540651903
-2.6527817730141168,7.501930696737585
-2.6110180515541264,7.514762101884631
-2.5693130285283075,7.527782938670353
-2.527655666881914,7.540956082517959
-2.4964372291817822,7.550913535003674
-2.4548384962008347,7.564270542188092
-2.4132663475959233,7.577709846831327
-2.3717181284930806,7.591222921936494
-2.340571070829062,7.6014010106094485
-2.2990583400643563,7.615022665936738
-2.2575620665457565,7.628694183932563
-2.21607850382864,7.642404116477187
-2.184971734515947,7.652704393552786
-2.143500563775395,7.666451738521472
-2.1020301317783336,7.680201327254987
-2.060555406205387,7.693938007703079
-2.0294438227432,7.70422383801023
-1.9879527443698797,7.717911162001738
-1.946450248091748,7.731563812400445
-1.9049350577617161,7.745177770950963
-1.8737895668604019,7.755360431106721
-1.832249103812507,7.768897044481192
-1.790692677289712,7.782384572519093
-1.7491194183867858,7.795820111390168
-1.7179278930646094,7.8058608598685915
-1.676322776745825,7.81919742446116
-1.634697615617849,7.832471353459148
-1.5930511576153548,7.845678464217188
-1.5618021020400676,7.855538958641579
-1.5201177170795113,7.868626026841771
-1.4784116119937953,7.88164369044224
-1.436683752394126,7.894591361816054
-1.4053735657424875,7.904255851031772
-1.3636076357990756,7.917079969998079
-1.3218200544212328,7.929833311343815
-1.2800109222292637,7.9425158350888845
-1.2381804010194228,7.955127672482058
-1.2067935810205748,7.964540269950271
-1.1649261941253464,7.977029294567378
-1.123038583221971,7.989450409423741
-1.08113154014853,8.001805873306749
-1.0496889818219401,8.011030746569526
-1.0077498370820184,8.023276754014654
-0.9657930520657828,8.035462030889418
-0.9238180198513253,8.047584152681091
-0.8923243114962677,8.056632524886187
-0.8503164553690109,8.068640358191137
-0.8082922137609708,8.0805908562304
-0.7662541091357333,8.092492622521796
-0.7347179504812714,8.101392142584501
-0.6926609296000443,8.113226789692844
-0.6505924554966965,8.12502051374501
-0.6085104443721644,8.136765790009807
-0.5769393142626825,8.145540249330201
-0.5348322596729501,8.157195578870715
-0.49271218259436095,8.168803849672843
-0.4505801050728436,8.180368519179407
-0.4189737231593809,8.189015261272404
-0.37682201163397805,8.200508038142278
-0.33465844247287807,8.211957174321997
-0.2924823823538772,8.22336020302165
-0.26084138213863606,8.231879306329521
-0.21863844883816308,8.243182506005015
-0.17641453126611695,8.254407268367084
-0.13416552507506035,8.265537647030962
-0.10246014832127007,8.27381444205405
-0.060158695341765434,8.28474360600494
-0.017822542028245007,8.295537551273966
0.02455012309683255,8.306187605937145
0.05635350152998538,8.314079848903186
0.09878963439731522,8.324474997250734
0.1412616725527849,8.334723150734424
0.1837732985387781,8.344805892189603
0.21569495095444585,8.352205259168093
0.2583274810428694,8.361765125561687
0.30106108895619976,8.370875468837557
0.34390867064166847,8.379437206365846
0.3761249588091094,8.385440866671122
0.4191951987738695,8.3928121129981
0.4623994213159114,8.399386715973762
0.5057250645445902,8.405121146138002
0.5382900225120613,8.408847713098494
0.5817923248237847,8.413020271821987
0.6253745624104817,8.416242817317512
0.6690171518132456,8.41843218801103
0.7017757602463865,8.419335033118209
0.7454706966012559,8.419474223395634
0.7891543920103488,8.418322045737206
0.8327907139917226,8.415802229209602
0.86546191469163,8.412980365984051
0.9089049128859379,8.407966856519815
0.9521605433472597,8.40151997811826
0.9951722732621386,8.393635775259396
1.02723695363333,8.386776748253077
1.0696820166913348,8.376348307077809
1.1117141243907882,8.364402436949236
1.1532650718893829,8.350881817654418
1.1840656683602633,8.339671946984419
1.2245829171589975,8.32325051518906
1.2643907508128698,8.305099091286502
1.3033834684596106,8.28521773731803
1.3320266190391368,8.269179347941035
1.3693270125473636,8.246302187239397
1.405508676859299,8.221731421488213
1.4404763268290726,8.19549565626339
1.4658620996216745,8.174757693931728
1.4985341612889875,8.145736112131832
1.5298020272867698,8.115198185848405
1.5596017307225236,8.083199213654535
1.587868930475791,8.049802837019264
1.6080241917139113,8.023890594043243
1.6334515913060295,7.988260642337979
1.6571657954524552,7.9514794813279135
1.6791017827625891,7.913637780908223
1.6943552549639045,7.884611841142096
1.7130632573021083,7.845115115049207
1.7298743571135053,7.804782174580448
1.7447695168103403,7.763691172367813
1.754678086419233,7.732422003750757
1.7661936691236744,7.690193436888027
1.7757227512872293,7.647445798608808
1.7831995046931028,7.604288962680685
1.7874205855195562,7.571718920679575
1.7911471896765945,7.528110472474163
1.7926478629093696,7.48439467476779
1.791926001573795,7.4406776364927865
1.7899460675072556,7.407951888475089
1.7854166952280337,7.364482372218935
1.7787784706491025,7.3212779646509825
1.7700959152261713,7.278413399930681
1.7622803638312847,7.246533699136026
1.7501571244356189,7.204459753613951
1.7361196168771174,7.162972661417606
1.7202021031067254,7.1221736692697295
1.7070508244072427,7.0920868970472775
1.6879260522680177,7.052735357409436
1.667039195477792,7.0143237506888
1.6444865447099097,6.976883719851863
1.6265390266561703,6.949457794703616
1.60131335415743,6.913774164981931
1.5747033064493319,6.8790958669452005
1.5468137154533776,6.8454160214752555
1.525108358071786,6.820816702603652
1.495161281600487,6.78892554007125
1.4641121977023517,6.758104892192797
1.432013898228637,6.72839062933813
1.4072833837891585,6.7068525748238805
1.3734819531709932,6.679144001226766
1.338809717668801,6.652546882109958
1.3033513748169856,6.627006991407535
1.2762889163789342,6.608515395345166
1.2396338937788252,6.584709225548318
1.2023850937674037,6.561834165727734
1.1646075712716761,6.539847118495601
1.1359633026194502,6.523914553335339
1.0973884793958508,6.503385542119147
1.0584100684948439,6.483640546097764
1.0190657908370695,6.464640540707789
0.9893474207139056,6.450833311228623
0.949489514957465,6.432931014783517
0.9094128546735323,6.415523931722344
0.8691405456647595,6.3985754385020455
0.8388159134559457,6.386154223592209
0.798233189959064,6.369965094392741
0.7574927275099971,6.354180306087891
0.7166161784296771,6.338752005227073
0.6858838160857403,6.327381179214489
0.6448271845121576,6.312440227719615
0.6037087010644927,6.297671367938286
0.5625646858880947,6.282973769655264
0.5317081003596194,6.271946678980331
0.4905837876410196,6.257193985548173
0.4494958829718758,6.242339342405117
0.4084549182302833,6.227355177651448
0.37770986595580225,6.216019969553203
0.3367705119712446,6.20076080400068
0.2959011845588607,6.185314891664842
0.25511821798359596,6.169642677158028
0.2245998229548802,6.157710719253718
0.1840199675191896,6.141519088699884
0.14359594234002185,6.124941456150074
0.10335615268730648,6.107917368421333
0.06331364623857616,6.090431108512249
0.033416370958762806,6.077011556957001
-0.006260340587211928,6.058710272728814
-0.04571353786197872,6.03993426936251
-0.08491230372606255,6.020636669620881
-0.11412064108830637,6.005782790089416
-0.15277582361885456,5.985417327189482
-0.19105525734158021,5.964348896623291
-0.22891269094345953,5.942518889155291
-0.257010138715134,5.925638364931904
-0.29405829794330013,5.902454454294713
-0.33060812748051266,5.878498280543482
-0.3666322542981406,5.853768346071149
-0.3932817301918596,5.834698081884114
-0.42828513735152696,5.808541664327136
-0.46263689275886444,5.7815205609534726
-0.4962770567930862,5.753615699746096
-0.5210032719024799,5.73209706938656
-0.553250580754742,5.7026056796380376
-0.5846224005802989,5.672189170151431
-0.6150678360802669,5.640840369942215
-0.637262795281706,5.616714734559718
-0.665957579832562,5.58373728538424
-0.6935711738272914,5.54984763141577
-0.7200442874606509,5.515060441335925
-0.7391140962992895,5.488390939904878
-0.7634416278651068,5.4520766294548
-0.7864530609055944,5.414919817918603
-0.8080831414702371,5.376944289129157
-0.8233613978423467,5.347944809717138
-0.8424237208004064,5.308616987240132
-0.8599390370876481,5.268570916693896
-0.8758626393657196,5.227859835523928
-0.886734836174078,5.196923113021027
-0.8997704197927406,5.155182589159918
-0.9111047077206235,5.112944627885454
-0.9207044473972378,5.070282391696296
-0.9267459520300296,5.038051297178278
-0.9332328719553202,4.994822569406897
-0.9379101790497947,4.951370382284069
-0.9407617713956967,4.907767144505673
-0.94169802545056,4.875005480017203
-0.9413446711372075,4.831292473217009
-0.9391599506123148,4.7876034904139475
-0.9351253532559184,4.744028899762146
-0.9308702952078974,4.71148324581051
-0.9235378902026699,4.66834973248185
-0.9142867086891238,4.6256058216858
-0.9031208393914534,4.583340175478075
-0.8935243969639476,4.551995594158951
-0.8791509975812875,4.510727675572966
-0.8630381169222947,4.470105965212454
-0.8452619034884399,4.430166449119834
-0.830882642696111,4.400682018060556
-0.8103489135616999,4.362048512737727
-0.7882839618443994,4.324264248627317
-0.7647145971396657,4.287409103987974
-0.7460664302353732,4.260425531926307
-0.719937051214996,4.225379369554943
-0.6924399169591955,4.191411491049855
-0.6636731735491238,4.158521517681803
-0.6413284446575125,4.134548718947914
-0.6106034964734202,4.103467559776026
-0.5789176484971,4.073347349201924
-0.5463337909852052,4.044190207388477
-0.5213245126369981,4.022976856418524
-0.48724038561660843,3.995595570232243
-0.45233913412231813,3.969281327743165
-0.4166673852290749,3.9440398043584266
-0.3894658584639008,3.925760559145603
-0.3526853244369242,3.9021730313224543
-0.3154125594827238,3.8793754837190852
-0.2777419553096942,3.8572357430013584
-0.23976093068573626,3.835630020746404
-0.21109506912561776,3.8197465114627613
-0.17264436361571434,3.7989890160936337
-0.13394321700849143,3.7787041502062597
-0.09500466806277168,3.758883119849736
-0.06565831721724444,3.744303575219004
-0.026379499010416668,3.725170782934068
0.013021103675307724,3.7062912226130678
0.052475921714055095,3.68752579972494
0.08205496378546313,3.673425099744378
0.12142127406163507,3.6544696736963895
0.16067655115995372,3.6352841840485417
0.19979900515816396,3.6158309666215005
0.22904057517617965,3.6010427059611803
0.26787776461967433,3.58102963708207
0.30650917444430315,3.5606218802143625
0.3448862105886694,3.5397336737702814
0.3734716545328659,3.523701447567708
0.41127689032526366,3.5017814944183914
0.4486755579733103,3.479180801903565
0.48560900502367177,3.4558345767171206
0.5129716621097508,3.4378026966395385
0.548976310753237,3.4130463881377264
0.5844026555107005,3.387459632217049
0.6192042979160629,3.3610226806389014
0.6448615520636038,3.3406233317208938
0.6784336464290854,3.312643685516038
0.7112267300884313,3.2837547326795113
0.743196077958778,3.253958692646744
0.7666078660654827,3.2310223890361325
0.7970374591873273,3.1996630573900866
0.8265346570950386,3.1674251127649957
0.8550638148783134,3.1343201266705787
0.8758031754499511,3.1089329281490796
0.9025478806745779,3.074359287825722
0.9282194807240329,3.0389821543953026
0.9527805230994403,3.002828514416708
0.9704572951902086,2.9752241317176775
0.9930198873744969,2.937796675761028
1.0144163931419463,2.8996939698036517
1.0346394060100617,2.8609573556152816
1.049037327997464,2.83151533345899
1.0672103494021272,2.7917746979700215
1.0842160126055194,2.7515176028849972
1.100058100537979,2.7107842396327384
1.1111768975105147,2.6799454967927407
1.1249745655993875,2.638471238537983
1.137582086710586,2.5966223810968794
1.1489821946321903,2.5544340485671237
1.156738846356361,2.5225919947583817
1.166051144455566,2.4799001576207425
1.1742235332053925,2.436975523091388
1.1813042371207765,2.3938549389790693
1.1859302154421045,2.361406916140336
1.191227749003763,2.3180272693813406
1.1955702604832312,2.2745420854778216
1.1989913606747225,2.2309744425123084
1.200972344621292,2.1982582460756688
1.2028603806866551,2.154600830077797
1.2039213970790263,2.1109195180936555
1.2041973778447281,2.067227704180159
1.203914323842409,2.0344596648896527
1.2029088739301579,1.9907787718498313
1.2012083338762631,1.947117893330416
1.1988366626055262,1.9034865045740417
1.1966296971147503,1.8707877217925764
1.193131323419214,1.8272294181803825
1.189015169682719,1.7837249831773592
1.1843001686457182,1.7402832194382818
1.1803798250463042,1.7077480324167629
1.1746413537206535,1.6644346928061486
1.1683169849398012,1.6212037178842886
1.1614037379944704,1.5780622984732777
1.153895906458215,1.53501916483103
1.1478712318420838,1.502806675670621
1.1393131941594883,1.4599564705664185
1.1301638132677847,1.4172269115496159
1.1204334054432703,1.374625134700208
1.1127605065351887,1.3427619519086305
1.1020380847958304,1.3004009736185764
1.090752126267049,1.2581897150970056
1.078876801863195,1.2161429981724678
1.069565782779452,1.1847253433270988
1.0565835646584947,1.1430068509327107
1.0429131356104608,1.1015063956273905
1.0285121755975728,1.0602479450825395
1.017218393850372,1.0294765461782096
1.0014987630924987,0.9886951309037323
0.9850195304042162,0.9482157553072731
0.9677764610707129,0.9080598237985527
0.9543399743145358,0.8781680937008735
0.9357378774242651,0.8386323926821684
0.9163245335147112,0.799486959890412
0.8960716868855421,0.7607607545263643
0.8803164370504921,0.7320155749102574
0.8585369425404243,0.694124192191323
0.8358536372463075,0.656771956095398
0.8122462767896559,0.6200020179406699
0.7939304650302217,0.5928262647089015
0.7686946960624841,0.5571503925992675
0.7425276718169312,0.522142924458686
0.715431273857202,0.4878459496420926
0.6945003944716018,0.4626156316252412
0.6657829020375425,0.4296666063444962
0.636147742160354,0.39754320768031437
0.6056152074351835,0.36627480580071786
0.582140118487201,0.3434014792205918
0.550090688942254,0.3136959509588924
0.5172100264901397,0.2849146764263114
0.48352702079757665,0.2570761414961334
0.45775588791636274,0.23682621044011892
0.4227401491452756,0.21067649677811429
0.3870045542739386,0.18551139156187565
0.3505797663679219,0.16134586700735137
0.3228282218161263,0.14388917372165458
0.2852750799618122,0.1215199806605804
0.24712206012980803,0.10020548812591556
0.20840131560837719,0.07996169878029055
0.17900586975828447,0.06547605187337498
0.13936144829274238,0.04707612842311819
0.09922810652576437,0.029703565403520153
0.05863413129577992,0.01333924753295246
0.02790337546443992,0.0017161709724749898
-0.013428643120813235,-0.012929714033698433
-0.05514350636336675,-0.026619920915309202
-0.09721292742479143,-0.039373564953985085
-0.12898065548824783,-0.04833567765391883
-0.17160248752770407,-0.05949633286386805
-0.2145010885803252,-0.06977299225535068
-0.2576481718076822,-0.0791847711099939
-0.29015453435412397,-0.0856875264352783
-0.3336683961822755,-0.09363176049686248
-0.37735295137945635,-0.1007636810460761
-0.4211799131072376,-0.10710240336454581
-0.45412657238753373,-0.11134740780107523
-0.49813468033887254,-0.11634402936215352
-0.5422074060151053,-0.12060001971695722
-0.586316462577803,-0.12413449414711258
-0.6194050808428224,-0.12632335418078142
-0.6635096512518407,-0.12864117188921295
-0.7075727637416174,-0.13029004069746591
-0.7515661314737236,-0.1312890758871661
-0.7844983709743354,-0.13162339800386869
-0.8283016201755251,-0.13153122050751265
-0.8719573358133414,-0.1308417764170739
